{"cameraMode":{"drawMode":0,"name":"Shaded","section":"Shading Mode"},"sceneLighting":true,"audioPlay":false,"sceneViewState":{"showFog":true,"showMaterialUpdate":false,"showSkybox":true,"showFlares":true,"showImageEffects":true,"showParticleSystems":true},"in2DMode":false,"pivot":{"x":-0.7846696376800537,"y":1.6916275024414063,"z":9.717745780944825},"rotation":{"x":-0.21315103769302369,"y":-0.009674843400716782,"z":0.002110919449478388,"w":-0.9769690632820129},"size":11.030594825744629,"orthographic":false}